a,n
n,a
an,na
max,<md5 HASH object @ 0x7f1583f48210>
max,fe3be36bccbe5ea96bfba2e631fda48f
jik,49d46ecf58aa33473aff0feedc5a086c
hash,0800fc577294c34e0b28ad2839435945
bash,d574d4bb40c84861791a694a999cce69
wads,6b265f3c0c04f68428f64ed9aadb5973
hello,12eccbdd9b32918131341f38907cbbb5
hello,12eccbdd9b32918131341f38907cbbb5
userwad,7226434d59c018dad7ea4daf2da9d847
userwad,7226434d59c018dad7ea4daf2da9d847
userwad,7226434d59c018dad7ea4daf2da9d847
userwad,7262b3155371b4da0012ba274b54c0f7
userwad,7226434d59c018dad7ea4daf2da9d847
userwad,7226434d59c018dad7ea4daf2da9d847
userwad,7226434d59c018dad7ea4daf2da9d847
userwad,7226434d59c018dad7ea4daf2da9d847
userwad,7226434d59c018dad7ea4daf2da9d847
userwad,7226434d59c018dad7ea4daf2da9d847
userwadwad,7226434d59c018dad7ea4daf2da9d847
userwad,71c3d94ac24c9ce5d8b25dc8ab4ba5ff
userwadw,7226434d59c018dad7ea4daf2da9d847
userwad,7226434d59c018dad7ea4daf2da9d847
userwad,7226434d59c018dad7ea4daf2da9d847
userwad,7226434d59c018dad7ea4daf2da9d847
userwad,7226434d59c018dad7ea4daf2da9d847
userwad,7226434d59c018dad7ea4daf2da9d847
userwad,7226434d59c018dad7ea4daf2da9d847
userwad,7226434d59c018dad7ea4daf2da9d847
userwad,7226434d59c018dad7ea4daf2da9d847
userwad,7226434d59c018dad7ea4daf2da9d847
userwad,7226434d59c018dad7ea4daf2da9d847
userwad,7226434d59c018dad7ea4daf2da9d847
userwad,7226434d59c018dad7ea4daf2da9d847
userwad,7226434d59c018dad7ea4daf2da9d847
userwad,7226434d59c018dad7ea4daf2da9d847
userwad,7226434d59c018dad7ea4daf2da9d847
nottaken,adb375a22f2f64a7c26a4d6ccabde056
nottaken,adb375a22f2f64a7c26a4d6ccabde056
nottaken,adb375a22f2f64a7c26a4d6ccabde056
nottaken,adb375a22f2f64a7c26a4d6ccabde056
w,f1290186a5d0b1ceab27f4e77c0c5d68
ww,f1290186a5d0b1ceab27f4e77c0c5d68
hiy,eb799879d675778d5702db52ea67c78f
hiy,eb799879d675778d5702db52ea67c78f
maxarooni,2ffe4e77325d9a7152f7086ea7aa5114
rrr,44f437ced647ec3f40fa0841041871cd